 ms_accelerometer_x, ms_accelerometer_y, ms_accelerometer_z,outcome
0.8430176,-0.028564453,-0.29956055,0
0.7060547,-0.061523438,-0.18310547,0
0.6796875,0.008789063,-0.1586914,1
0.6796875,0.008789063,-0.1586914,1